[{"created_at":"Tue Apr 18 16:30:40 +0000 2017","id":854371611658596353,"id_str":"854371611658596353","text":"\u201c[MJ]'s catalog is stuffed to the gills with megahits...\u201d - Rolling Stone. But it\u2019s not all about the hits. What\u2019s\u2026 https:\/\/t.co\/KO2FcGLtSg","truncated":true,"entities":{"hashtags":[],"symbols":[],"user_mentions":[],"urls":[{"url":"https:\/\/t.co\/KO2FcGLtSg","expanded_url":"https:\/\/twitter.com\/i\/web\/status\/854371611658596353","display_url":"twitter.com\/i\/web\/status\/8\u2026","indices":[116,139]}]},"source":"\u003ca href=\"http:\/\/www.hootsuite.com\" rel=\"nofollow\"\u003eHootsuite\u003c\/a\u003e","in_reply_to_status_id":null,"in_reply_to_status_id_str":null,"in_reply_to_user_id":null,"in_reply_to_user_id_str":null,"in_reply_to_screen_name":null,"user":{"id":54387680,"id_str":"54387680","name":"Michael Jackson","screen_name":"michaeljackson","location":"New York, NY USA","description":"The Official Michael Jackson Twitter Page","url":"http:\/\/t.co\/q1TE07bI3n","entities":{"url":{"urls":[{"url":"http:\/\/t.co\/q1TE07bI3n","expanded_url":"http:\/\/www.michaeljackson.com\/","display_url":"michaeljackson.com","indices":[0,22]}]},"description":{"urls":[]}},"protected":false,"followers_count":2078281,"friends_count":0,"listed_count":13335,"created_at":"Tue Jul 07 00:24:51 +0000 2009","favourites_count":0,"utc_offset":-14400,"time_zone":"Eastern Time (US & Canada)","geo_enabled":false,"verified":true,"statuses_count":1736,"lang":"en","contributors_enabled":false,"is_translator":false,"is_translation_enabled":false,"profile_background_color":"FFFFFF","profile_background_image_url":"http:\/\/pbs.twimg.com\/profile_background_images\/466632809390419968\/IHCw-MH8.jpeg","profile_background_image_url_https":"https:\/\/pbs.twimg.com\/profile_background_images\/466632809390419968\/IHCw-MH8.jpeg","profile_background_tile":false,"profile_image_url":"http:\/\/pbs.twimg.com\/profile_images\/556179314660478976\/l_MadSiU_normal.jpeg","profile_image_url_https":"https:\/\/pbs.twimg.com\/profile_images\/556179314660478976\/l_MadSiU_normal.jpeg","profile_banner_url":"https:\/\/pbs.twimg.com\/profile_banners\/54387680\/1480606641","profile_link_color":"C12032","profile_sidebar_border_color":"FFFFFF","profile_sidebar_fill_color":"E3E2DE","profile_text_color":"634047","profile_use_background_image":true,"has_extended_profile":false,"default_profile":false,"default_profile_image":false,"following":false,"follow_request_sent":false,"notifications":false,"translator_type":"regular"},"geo":null,"coordinates":null,"place":null,"contributors":null,"is_quote_status":false,"retweet_count":521,"favorite_count":1702,"favorited":false,"retweeted":false,"possibly_sensitive":false,"lang":"en"},{"created_at":"Mon Apr 17 16:30:18 +0000 2017","id":854009131585462274,"id_str":"854009131585462274","text":"\u201c[MJ] wasn\u2019t shy about using top-end directors: Martin Scorsese (Bad), John Singleton (Remember the Time), and Davi\u2026 https:\/\/t.co\/g9uTTljetz","truncated":true,"entities":{"hashtags":[],"symbols":[],"user_mentions":[],"urls":[{"url":"https:\/\/t.co\/g9uTTljetz","expanded_url":"https:\/\/twitter.com\/i\/web\/status\/854009131585462274","display_url":"twitter.com\/i\/web\/status\/8\u2026","indices":[117,140]}]},"source":"\u003ca href=\"http:\/\/www.hootsuite.com\" rel=\"nofollow\"\u003eHootsuite\u003c\/a\u003e","in_reply_to_status_id":null,"in_reply_to_status_id_str":null,"in_reply_to_user_id":null,"in_reply_to_user_id_str":null,"in_reply_to_screen_name":null,"user":{"id":54387680,"id_str":"54387680","name":"Michael Jackson","screen_name":"michaeljackson","location":"New York, NY USA","description":"The Official Michael Jackson Twitter Page","url":"http:\/\/t.co\/q1TE07bI3n","entities":{"url":{"urls":[{"url":"http:\/\/t.co\/q1TE07bI3n","expanded_url":"http:\/\/www.michaeljackson.com\/","display_url":"michaeljackson.com","indices":[0,22]}]},"description":{"urls":[]}},"protected":false,"followers_count":2078281,"friends_count":0,"listed_count":13335,"created_at":"Tue Jul 07 00:24:51 +0000 2009","favourites_count":0,"utc_offset":-14400,"time_zone":"Eastern Time (US & Canada)","geo_enabled":false,"verified":true,"statuses_count":1736,"lang":"en","contributors_enabled":false,"is_translator":false,"is_translation_enabled":false,"profile_background_color":"FFFFFF","profile_background_image_url":"http:\/\/pbs.twimg.com\/profile_background_images\/466632809390419968\/IHCw-MH8.jpeg","profile_background_image_url_https":"https:\/\/pbs.twimg.com\/profile_background_images\/466632809390419968\/IHCw-MH8.jpeg","profile_background_tile":false,"profile_image_url":"http:\/\/pbs.twimg.com\/profile_images\/556179314660478976\/l_MadSiU_normal.jpeg","profile_image_url_https":"https:\/\/pbs.twimg.com\/profile_images\/556179314660478976\/l_MadSiU_normal.jpeg","profile_banner_url":"https:\/\/pbs.twimg.com\/profile_banners\/54387680\/1480606641","profile_link_color":"C12032","profile_sidebar_border_color":"FFFFFF","profile_sidebar_fill_color":"E3E2DE","profile_text_color":"634047","profile_use_background_image":true,"has_extended_profile":false,"default_profile":false,"default_profile_image":false,"following":false,"follow_request_sent":false,"notifications":false,"translator_type":"regular"},"geo":null,"coordinates":null,"place":null,"contributors":null,"is_quote_status":false,"retweet_count":1023,"favorite_count":3031,"favorited":false,"retweeted":false,"possibly_sensitive":false,"lang":"en"}]