[{"created_at":"Thu Apr 20 16:30:45 +0000 2017","id":855096410592743430,"id_str":"855096410592743430","text":"\u201cJackson's sound was pure pop pleasure that also showcased his R&amp;B background.\u201d - CNN, 2016. https:\/\/t.co\/JCtOzbcJNQ","truncated":false,"entities":{"hashtags":[],"symbols":[],"user_mentions":[],"urls":[],"media":[{"id":855096406864015360,"id_str":"855096406864015360","indices":[97,120],"media_url":"http:\/\/pbs.twimg.com\/media\/C93ppsvXsAAFSu7.jpg","media_url_https":"https:\/\/pbs.twimg.com\/media\/C93ppsvXsAAFSu7.jpg","url":"https:\/\/t.co\/JCtOzbcJNQ","display_url":"pic.twitter.com\/JCtOzbcJNQ","expanded_url":"https:\/\/twitter.com\/michaeljackson\/status\/855096410592743430\/photo\/1","type":"photo","sizes":{"thumb":{"w":150,"h":150,"resize":"crop"},"small":{"w":639,"h":480,"resize":"fit"},"medium":{"w":639,"h":480,"resize":"fit"},"large":{"w":639,"h":480,"resize":"fit"}}}]},"extended_entities":{"media":[{"id":855096406864015360,"id_str":"855096406864015360","indices":[97,120],"media_url":"http:\/\/pbs.twimg.com\/media\/C93ppsvXsAAFSu7.jpg","media_url_https":"https:\/\/pbs.twimg.com\/media\/C93ppsvXsAAFSu7.jpg","url":"https:\/\/t.co\/JCtOzbcJNQ","display_url":"pic.twitter.com\/JCtOzbcJNQ","expanded_url":"https:\/\/twitter.com\/michaeljackson\/status\/855096410592743430\/photo\/1","type":"photo","sizes":{"thumb":{"w":150,"h":150,"resize":"crop"},"small":{"w":639,"h":480,"resize":"fit"},"medium":{"w":639,"h":480,"resize":"fit"},"large":{"w":639,"h":480,"resize":"fit"}}}]},"source":"\u003ca href=\"http:\/\/www.hootsuite.com\" rel=\"nofollow\"\u003eHootsuite\u003c\/a\u003e","in_reply_to_status_id":null,"in_reply_to_status_id_str":null,"in_reply_to_user_id":null,"in_reply_to_user_id_str":null,"in_reply_to_screen_name":null,"user":{"id":54387680,"id_str":"54387680","name":"Michael Jackson","screen_name":"michaeljackson","location":"New York, NY USA","description":"The Official Michael Jackson Twitter Page","url":"http:\/\/t.co\/q1TE07bI3n","entities":{"url":{"urls":[{"url":"http:\/\/t.co\/q1TE07bI3n","expanded_url":"http:\/\/www.michaeljackson.com\/","display_url":"michaeljackson.com","indices":[0,22]}]},"description":{"urls":[]}},"protected":false,"followers_count":2079514,"friends_count":0,"listed_count":13330,"created_at":"Tue Jul 07 00:24:51 +0000 2009","favourites_count":0,"utc_offset":-14400,"time_zone":"Eastern Time (US & Canada)","geo_enabled":false,"verified":true,"statuses_count":1738,"lang":"en","contributors_enabled":false,"is_translator":false,"is_translation_enabled":false,"profile_background_color":"FFFFFF","profile_background_image_url":"http:\/\/pbs.twimg.com\/profile_background_images\/466632809390419968\/IHCw-MH8.jpeg","profile_background_image_url_https":"https:\/\/pbs.twimg.com\/profile_background_images\/466632809390419968\/IHCw-MH8.jpeg","profile_background_tile":false,"profile_image_url":"http:\/\/pbs.twimg.com\/profile_images\/556179314660478976\/l_MadSiU_normal.jpeg","profile_image_url_https":"https:\/\/pbs.twimg.com\/profile_images\/556179314660478976\/l_MadSiU_normal.jpeg","profile_banner_url":"https:\/\/pbs.twimg.com\/profile_banners\/54387680\/1480606641","profile_link_color":"C12032","profile_sidebar_border_color":"FFFFFF","profile_sidebar_fill_color":"E3E2DE","profile_text_color":"634047","profile_use_background_image":true,"has_extended_profile":false,"default_profile":false,"default_profile_image":false,"following":false,"follow_request_sent":false,"notifications":false,"translator_type":"regular"},"geo":null,"coordinates":null,"place":null,"contributors":null,"is_quote_status":false,"retweet_count":761,"favorite_count":2469,"favorited":false,"retweeted":false,"possibly_sensitive":false,"lang":"en"}]